{"cameraMode":{"drawMode":0,"name":"Shaded","section":"Shading Mode"},"sceneLighting":false,"audioPlay":false,"sceneViewState":{"m_AlwaysRefresh":false,"showFog":true,"showSkybox":false,"showFlares":true,"showImageEffects":true,"showParticleSystems":true,"showVisualEffectGraphs":true,"m_FxEnabled":true},"in2DMode":false,"pivot":{"x":-0.15999996662139893,"y":0.9631839990615845,"z":-4.070000171661377},"rotation":{"x":0.3404619097709656,"y":-0.005363911390304565,"z":0.001941573340445757,"w":0.9402525424957275},"size":1.9163310527801514,"orthographic":true}