{"cameraMode":{"drawMode":0,"name":"Shaded","section":"Shading Mode"},"sceneLighting":true,"audioPlay":false,"sceneViewState":{"m_AlwaysRefresh":false,"showFog":true,"showSkybox":true,"showFlares":true,"showImageEffects":true,"showParticleSystems":true,"showVisualEffectGraphs":true,"m_FxEnabled":true},"in2DMode":false,"pivot":{"x":443.5927429199219,"y":157.77281188964845,"z":-68.66104888916016},"rotation":{"x":-0.005409786477684975,"y":-0.0026870144065469505,"z":0.000052569102990673855,"w":-1.0000183582305909},"size":280.96331787109377,"orthographic":true}