{"cameraMode":{"drawMode":0,"name":"Shaded","section":"Shading Mode"},"sceneLighting":false,"audioPlay":false,"sceneViewState":{"m_AlwaysRefresh":false,"showFog":true,"showSkybox":false,"showFlares":true,"showImageEffects":true,"showParticleSystems":true,"showVisualEffectGraphs":true,"m_FxEnabled":true},"in2DMode":false,"pivot":{"x":-0.1900000274181366,"y":0.9131840467453003,"z":-0.940000057220459},"rotation":{"x":0.3404619097709656,"y":-0.005363911390304565,"z":0.001941573340445757,"w":0.9402525424957275},"size":1.8829514980316163,"orthographic":true}